{
    "meta_f1": 0.24778761061946902,
    "meta_recall": 0.8235294117647058,
    "meta_precision": 0.14583333333333334,
    "meta_roc_auc": 0.8043248147588085,
    "original": 0.04135802469135803,
    "smote": [
        62.52012882447665,
        37.47987117552335
    ],
    "under": [
        [
            false,
            50.0
        ],
        [
            true,
            50.0
        ]
    ],
    "accuracy": 0.9585389930898321,
    "precision": 0.966532025389498,
    "recall": 0.9847148736037625,
    "f1": 0.9755387303436226,
    "roc_auc": 0.903126667571112
}