{
    "meta_f1": 0.2878787878787879,
    "meta_recall": 0.8260869565217391,
    "meta_precision": 0.1743119266055046,
    "meta_roc_auc": 0.8592348734249062,
    "original": 0.05555555555555555,
    "smote": [
        62.5,
        37.5
    ],
    "under": [
        [
            false,
            50.0
        ],
        [
            true,
            50.0
        ]
    ],
    "accuracy": 0.9442250740375123,
    "precision": 0.9480812641083521,
    "recall": 0.9876543209876543,
    "f1": 0.967463288223438,
    "roc_auc": 0.8522886989553656
}