{
    "meta_f1": 0.208955223880597,
    "meta_recall": 0.75,
    "meta_precision": 0.12138728323699421,
    "meta_roc_auc": 0.7061602418745276,
    "original": 0.06790123456790123,
    "smote": [
        62.5,
        37.5
    ],
    "under": [
        [
            false,
            50.0
        ],
        [
            true,
            50.0
        ]
    ],
    "accuracy": 0.9318854886475815,
    "precision": 0.9452991452991453,
    "recall": 0.9753086419753086,
    "f1": 0.9600694444444444,
    "roc_auc": 0.8399620132953467
}