{"meta_f1": 0.31016042780748665, "meta_recall": 0.7073170731707317, "meta_precision": 0.19863013698630136, "meta_roc_auc": 0.7776812562646174, "original": 0.10123456790123457, "smote": [62.51610133104336, 37.483898668956634], "under": [[false, 50.0], [true, 50.0]], "accuracy": 0.8988153998025666, "precision": 0.9254835039817975, "recall": 0.956496178718401, "f1": 0.9407343162763805, "roc_auc": 0.7767096278207389}