{
    "meta_f1": 0.08733624454148471,
    "meta_recall": 0.5263157894736842,
    "meta_precision": 0.047619047619047616,
    "meta_roc_auc": 0.5726914184686522,
    "original": 0.04567901234567901,
    "smote": [
        62.51516376870199,
        37.48483623129802
    ],
    "under": [
        [
            false,
            50.0
        ],
        [
            true,
            50.0
        ]
    ],
    "accuracy": 0.9540967423494571,
    "precision": 0.9668989547038328,
    "recall": 0.9788359788359788,
    "f1": 0.9728308501314636,
    "roc_auc": 0.9017256817256818
}