{
    "meta_f1": 0.16374269005847952,
    "meta_recall": 0.5384615384615384,
    "meta_precision": 0.09655172413793103,
    "meta_roc_auc": 0.5969635627530364,
    "original": 0.0654320987654321,
    "smote": [
        62.510322047894306,
        37.4896779521057
    ],
    "under": [
        [
            false,
            50.0
        ],
        [
            true,
            50.0
        ]
    ],
    "accuracy": 0.9348469891411648,
    "precision": 0.966131907308378,
    "recall": 0.9559082892416225,
    "f1": 0.9609929078014184,
    "roc_auc": 0.8902618369285037
}