{
    "meta_f1": 0.30337078651685395,
    "meta_recall": 0.6428571428571429,
    "meta_precision": 0.19852941176470587,
    "meta_roc_auc": 0.7475143903715332,
    "original": 0.1037037037037037,
    "smote": [
        62.5053809728799,
        37.4946190271201
    ],
    "under": [
        [
            false,
            50.0
        ],
        [
            true,
            50.0
        ]
    ],
    "accuracy": 0.8963474827245804,
    "precision": 0.9190556492411467,
    "recall": 0.9611992945326279,
    "f1": 0.9396551724137931,
    "roc_auc": 0.7590611857278523
}