{"meta_f1": 0.26506024096385544, "meta_recall": 0.6285714285714286, "meta_precision": 0.16793893129770993, "meta_roc_auc": 0.7000385059684251, "original": 0.08703703703703704, "smote": [62.5105663567202, 37.489433643279796], "under": [[false, 50.0], [true, 50.0]], "accuracy": 0.9131293188548865, "precision": 0.9305477131564088, "recall": 0.9688418577307466, "f1": 0.9493087557603687, "roc_auc": 0.7951901596346043}