{
    "meta_f1": 0.36363636363636365,
    "meta_recall": 0.75,
    "meta_precision": 0.24,
    "meta_roc_auc": 0.8168630017452008,
    "original": 0.06049382716049383,
    "smote": [
        62.50513347022587,
        37.49486652977413
    ],
    "under": [
        [
            false,
            50.0
        ],
        [
            true,
            50.0
        ]
    ],
    "accuracy": 0.9397828232971372,
    "precision": 0.9713432835820895,
    "recall": 0.956496178718401,
    "f1": 0.9638625592417062,
    "roc_auc": 0.9044019355130467
}