{
    "meta_f1": 0.16842105263157894,
    "meta_recall": 0.6956521739130435,
    "meta_precision": 0.09580838323353294,
    "meta_roc_auc": 0.679872857305029,
    "original": 0.056790123456790124,
    "smote": [
        62.52045826513911,
        37.47954173486088
    ],
    "under": [
        [
            false,
            50.0
        ],
        [
            true,
            50.0
        ]
    ],
    "accuracy": 0.9432379072063178,
    "precision": 0.9470124013528749,
    "recall": 0.9876543209876543,
    "f1": 0.9669064748201439,
    "roc_auc": 0.8492117758784425
}