{
    "meta_f1": 0.37948717948717947,
    "meta_recall": 0.7708333333333334,
    "meta_precision": 0.25170068027210885,
    "meta_roc_auc": 0.7822974860335195,
    "original": 0.11851851851851852,
    "smote": [
        62.521891418563925,
        37.478108581436075
    ],
    "under": [
        [
            false,
            50.0
        ],
        [
            true,
            50.0
        ]
    ],
    "accuracy": 0.8815399802566634,
    "precision": 0.9309734513274336,
    "recall": 0.927689594356261,
    "f1": 0.9293286219081273,
    "roc_auc": 0.7838447971781306
}