{
    "meta_f1": 0.08333333333333333,
    "meta_recall": 0.4375,
    "meta_precision": 0.046052631578947366,
    "meta_roc_auc": 0.5524038461538462,
    "original": 0.03888888888888889,
    "smote": [
        62.50501806503412,
        37.49498193496588
    ],
    "under": [
        [
            false,
            50.0
        ],
        [
            true,
            50.0
        ]
    ],
    "accuracy": 0.9610069101678184,
    "precision": 0.9666283084004603,
    "recall": 0.9876543209876543,
    "f1": 0.9770282058738006,
    "roc_auc": 0.9045963912630579
}