{
    "meta_f1": 0.17054263565891473,
    "meta_recall": 0.7333333333333333,
    "meta_precision": 0.09649122807017543,
    "meta_roc_auc": 0.7974424552429666,
    "original": 0.03641975308641975,
    "smote": [
        62.515018021625956,
        37.48498197837405
    ],
    "under": [
        [
            false,
            50.0
        ],
        [
            true,
            50.0
        ]
    ],
    "accuracy": 0.9634748272458046,
    "precision": 0.9688760806916427,
    "recall": 0.9882422104644327,
    "f1": 0.9784633294528522,
    "roc_auc": 0.9110441821552933
}